model,accuracy,precision,recall,f1,roc_auc
random_forest_tuned,0.8924731182795699,0.5714285714285714,0.9230769230769231,0.7058823529411765,0.9490384615384616
logistic_regression,0.8924731182795699,0.5789473684210527,0.8461538461538461,0.6875,0.9384615384615385
decision_tree,0.8387096774193549,0.4642857142857143,1.0,0.6341463414634146,0.9283653846153845
random_forest,0.8494623655913979,0.48,0.9230769230769231,0.631578947368421,0.9490384615384615
dummy,0.8602150537634409,0.0,0.0,0.0,0.5
